<?xml version="1.0" encoding="UTF-8"?>
<project-private xmlns="http://www.netbeans.org/ns/project-private/1">
    <editor-bookmarks xmlns="http://www.netbeans.org/ns/editor-bookmarks/2" lastBookmarkId="0"/>
    <open-files xmlns="http://www.netbeans.org/ns/projectui-open-files/2">
        <group>
            <file>file:/C:/Users/ALICE/Downloads/java/JAVA%20NetBeans%20Banking%20Management%20System/src/Loading.java</file>
            <file>file:/C:/Users/ALICE/Downloads/java/JAVA%20NetBeans%20Banking%20Management%20System/src/MyPage.java</file>
            <file>file:/C:/Users/ALICE/Downloads/java/JAVA%20NetBeans%20Banking%20Management%20System/src/Authentication.java</file>
            <file>file:/C:/Users/ALICE/Downloads/java/JAVA%20NetBeans%20Banking%20Management%20System/src/Account.java</file>
            <file>file:/C:/Users/ALICE/Downloads/java/JAVA%20NetBeans%20Banking%20Management%20System/src/dbconnect.java</file>
        </group>
    </open-files>
</project-private>
